{
  "version": 1,
  "author": "Laura Silva",
  "editor": "wokwi",
  "parts": [
    { "type": "wokwi-breadboard-half", "id": "bb1", "top": -108.6, "left": -45.2, "attrs": {} },
    {
      "type": "board-esp32-devkit-c-v4",
      "id": "esp",
      "top": 75.14,
      "left": 80.5,
      "rotate": 90,
      "attrs": { "env": "micropython-20231227-v1.22.0" }
    },
    {
      "type": "wokwi-pushbutton-6mm",
      "id": "btn1",
      "top": -18.7,
      "left": 137.9,
      "rotate": 90,
      "attrs": { "color": "red" }
    },
    {
      "type": "wokwi-pushbutton-6mm",
      "id": "btn2",
      "top": -18.7,
      "left": 176.3,
      "rotate": 90,
      "attrs": { "color": "green" }
    },
    {
      "type": "wokwi-pushbutton-6mm",
      "id": "btn3",
      "top": -18.7,
      "left": 205.1,
      "rotate": 90,
      "attrs": { "color": "black" }
    },
    {
      "type": "wokwi-pushbutton-6mm",
      "id": "btn4",
      "top": -18.7,
      "left": 233.9,
      "rotate": 90,
      "attrs": { "color": "black" }
    },
    {
      "type": "board-ssd1306",
      "id": "oled1",
      "top": -83.26,
      "left": -28.57,
      "attrs": { "i2cAddress": "0x3c" }
    },
    {
      "type": "wokwi-resistor",
      "id": "r1",
      "top": 42.35,
      "left": -19.2,
      "attrs": { "value": "1000" }
    },
    {
      "type": "wokwi-resistor",
      "id": "r2",
      "top": 42.35,
      "left": 86.4,
      "attrs": { "value": "1000" }
    },
    {
      "type": "wokwi-led",
      "id": "led1",
      "top": -13.2,
      "left": -5.8,
      "attrs": { "color": "red", "flip": "1" }
    },
    {
      "type": "wokwi-led",
      "id": "led2",
      "top": -13.2,
      "left": 23.4,
      "attrs": { "color": "green", "flip": "" }
    }
  ],
  "connections": [
    [ "esp:TX", "$serialMonitor:RX", "", [] ],
    [ "esp:RX", "$serialMonitor:TX", "", [] ],
    [ "bb1:tn.25", "bb1:bn.25", "black", [ "v-0.1", "h20.8", "v172.8", "h-19.2" ] ],
    [ "bb1:tp.25", "bb1:bp.25", "red", [ "v0.3", "h49.6", "v182.4" ] ],
    [ "bb1:8b.j", "bb1:10b.j", "green", [ "v0" ] ],
    [ "oled1:SCL", "esp:22", "gold", [ "v-76.8", "h345.9", "v412.8", "h-192" ] ],
    [ "oled1:SDA", "esp:21", "blue", [ "v-67.2", "h268.87", "v412.8", "h-153.6" ] ],
    [ "oled1:VCC", "bb1:tp.4", "red", [ "v0" ] ],
    [ "oled1:GND", "bb1:tn.3", "black", [ "v0" ] ],
    [ "bb1:tn.10", "bb1:12t.d", "green", [ "v0" ] ],
    [ "bb1:tn.11", "bb1:14t.d", "green", [ "v0" ] ],
    [ "bb1:tn.23", "btn4:2.l", "black", [ "v0" ] ],
    [ "bb1:tn.21", "btn3:2.l", "black", [ "v0" ] ],
    [ "bb1:tn.17", "btn2:2.l", "black", [ "v0" ] ],
    [ "bb1:tn.15", "btn1:2.l", "black", [ "v0" ] ],
    [ "esp:12", "btn1:1.r", "gray", [ "v-28.65", "h57.6" ] ],
    [ "esp:14", "btn2:1.r", "blue", [ "v-19.05", "h76.8" ] ],
    [ "esp:27", "bb1:27b.f", "violet", [ "v-19.05", "h124.8" ] ],
    [ "esp:26", "bb1:30b.f", "purple", [ "v-9.45", "h134.4" ] ],
    [ "esp:GND.1", "bb1:bn.7", "black", [ "v-9.45", "h-28.8" ] ],
    [ "bb1:bn.7", "bb1:9b.j", "black", [ "v0" ] ],
    [ "btn4:1.l", "bb1:30t.e", "", [ "$bb" ] ],
    [ "btn4:2.l", "bb1:28t.e", "", [ "$bb" ] ],
    [ "btn4:1.r", "bb1:30b.f", "", [ "$bb" ] ],
    [ "btn4:2.r", "bb1:28b.f", "", [ "$bb" ] ],
    [ "r1:1", "bb1:1b.j", "", [ "$bb" ] ],
    [ "r1:2", "bb1:7b.j", "", [ "$bb" ] ],
    [ "btn1:1.l", "bb1:20t.e", "", [ "$bb" ] ],
    [ "btn1:2.l", "bb1:18t.e", "", [ "$bb" ] ],
    [ "btn1:1.r", "bb1:20b.f", "", [ "$bb" ] ],
    [ "btn1:2.r", "bb1:18b.f", "", [ "$bb" ] ],
    [ "btn2:1.l", "bb1:24t.e", "", [ "$bb" ] ],
    [ "btn2:2.l", "bb1:22t.e", "", [ "$bb" ] ],
    [ "btn2:1.r", "bb1:24b.f", "", [ "$bb" ] ],
    [ "btn2:2.r", "bb1:22b.f", "", [ "$bb" ] ],
    [ "btn3:1.l", "bb1:27t.e", "", [ "$bb" ] ],
    [ "btn3:2.l", "bb1:25t.e", "", [ "$bb" ] ],
    [ "btn3:1.r", "bb1:27b.f", "", [ "$bb" ] ],
    [ "btn3:2.r", "bb1:25b.f", "", [ "$bb" ] ],
    [ "led1:A", "bb1:4b.h", "", [ "$bb" ] ],
    [ "led1:C", "bb1:5b.h", "", [ "$bb" ] ],
    [ "led2:A", "bb1:8b.h", "", [ "$bb" ] ],
    [ "led2:C", "bb1:7b.h", "", [ "$bb" ] ],
    [ "r2:1", "bb1:12b.j", "", [ "$bb" ] ],
    [ "r2:2", "bb1:18b.j", "", [ "$bb" ] ],
    [ "bb1:10b.j", "r2:1", "green", [ "v0", "h28.8" ] ],
    [ "bb1:8b.j", "r1:2", "green", [ "v0" ] ]
  ],
  "dependencies": {}
}